,ground_truth,prediction
0,23.742952,22.102375
1,23.305613,25.790192
2,26.088354,22.223288
3,20.281654,22.631918
4,21.90861,22.351486
5,25.704899,22.220253
6,20.946196,23.426216
7,25.044006,22.124002
8,26.989174,23.115404
9,28.01457,25.869007
10,26.814568,24.477528
11,23.131256,22.496319
12,24.231453,23.10569
13,25.875895,22.486742
14,23.17509,22.57631
15,22.270084,23.05713
16,27.00493,23.948587
17,22.581747,22.79316
18,21.368845,23.490501
19,24.219658,22.18913
20,23.644186,24.630957
21,23.511406,22.396538
22,28.529552,24.329525
23,21.234493,22.92756
24,21.0126,23.181763
25,23.562248,22.793537
26,24.764597,23.729511
27,24.811596,22.683704
28,21.718657,22.99119
29,25.090355,24.403584
30,23.538832,27.697033
31,24.278315,22.427631
32,28.221996,23.534006
33,21.343788,23.679504
34,22.24125,22.477556
35,21.362387,22.725418
36,25.097216,22.86049
37,23.358084,22.70574
38,26.286028,22.547787
39,29.980078,27.259888
40,26.666359,22.366644
41,20.862669,22.303204
42,23.607456,22.437405
43,24.304255,22.672136
44,24.674826,22.305271
45,24.777475,24.702452
46,25.113459,21.98432
47,23.865557,23.047764
48,26.067316,24.864233
49,23.309866,22.810833
50,26.589716,23.49626
51,20.069738,23.596996
52,24.93064,22.466831
53,25.345552,22.167109
54,23.840927,22.4386
55,23.80359,22.124195
56,24.741669,22.399776
57,24.004128,22.068462
58,22.303679,22.749018
59,26.338207,23.920815
60,21.518375,22.197702
61,23.624905,22.240658
62,23.592697,23.103563
63,20.929842,22.199001
64,23.361588,22.681175
65,28.987865,23.997084
66,24.669062,22.56453
67,19.006819,22.731043
68,26.184109,23.708462
69,21.767792,22.352007
70,20.6306,23.213226
71,22.447817,22.338379
72,24.78116,22.49163
73,22.895569,22.268896
74,22.140978,22.806213
75,23.417269,23.253658
76,23.706749,22.227316
77,26.398167,26.314016
78,25.670359,23.389368
79,23.606258,22.995592
80,27.515402,26.33979
81,26.79328,22.377626
82,26.154432,21.941093
83,26.278646,27.123245
84,26.459991,23.27213
85,24.288946,22.366705
86,23.355099,22.708523
87,29.219643,24.866037
88,26.123306,23.902487
89,24.330057,22.20385
90,24.841457,23.085632
91,28.025976,24.970835
92,25.814753,22.390451
93,22.733906,22.260263
94,23.308655,23.561256
95,24.597265,22.922186
96,21.615696,26.023851
97,24.167822,22.479479
98,21.868761,22.797518
99,24.440313,22.678205
100,24.605524,22.353336
101,24.914494,21.967228
102,24.728834,30.759907
103,23.25083,22.280766
104,22.522963,22.431362
105,26.546495,25.528988
106,22.030882,22.500063
107,23.388056,22.244999
108,23.176535,24.594578
109,22.609203,22.431376
110,23.27298,22.641882
111,27.905125,25.304918
112,23.226873,23.529438
113,22.975634,22.282228
114,22.248022,24.582941
115,25.424484,22.13015
116,23.597738,23.24068
117,25.113842,22.229076
118,23.243814,22.721102
119,18.466173,22.353056
120,23.847023,23.42015
121,27.515589,23.745155
122,21.873333,22.144817
123,21.74961,22.300108
124,20.942604,22.408741
125,20.464905,22.777029
126,26.02813,24.682123
127,23.198158,22.364754
128,23.108624,22.672956
129,27.027122,23.07809
130,20.539343,22.351692
131,19.58155,22.396576
132,19.020302,22.46996
133,19.303083,22.39917
134,26.221912,22.840971
135,24.633717,22.325832
136,23.867878,22.753803
137,24.42155,24.696547
138,26.025522,22.34343
139,26.418623,22.576159
140,27.019411,23.554949
141,26.159588,22.569735
142,20.776726,22.267786
143,21.092974,22.429056
144,26.05223,22.425684
145,26.02138,23.570103
146,28.35336,23.984535
147,22.832428,22.869692
148,20.636145,23.073473
149,21.285809,23.530495
150,20.40542,23.052162
151,21.238466,22.504868
152,19.663475,22.983547
153,27.35177,22.905983
154,23.708809,22.656223
155,24.574736,24.823608
156,21.018177,22.32029
157,22.335732,22.500175
158,26.475367,25.440636
159,25.340263,23.417477
160,25.950111,27.000149
161,24.633902,24.2112
162,22.1004,22.692776
163,26.58378,22.944756
164,23.69345,22.660223
165,27.945393,23.090927
166,23.359621,22.911343
167,24.846058,22.734304
168,22.379704,22.809351
169,22.209927,26.015972
170,27.089674,24.793394
171,22.932919,22.059803
172,26.732912,24.701492
173,22.24387,22.883684
174,19.90201,22.740969
175,24.041655,22.97056
176,26.722542,23.805092
177,24.586779,22.967348
178,27.568031,23.227173
179,24.496584,21.99547
180,20.550186,22.352484
181,17.434252,22.35304
182,24.203655,22.863203
183,25.617393,23.48515
184,23.153502,23.855614
185,26.445528,22.500027
186,28.751238,23.872149
187,24.634584,22.87161
188,30.494774,23.602955
189,23.358244,22.500917
190,24.770449,22.44266
191,25.062628,22.060083
192,26.901955,22.41537
193,20.444769,22.679573
194,24.489767,22.476978
195,24.024313,22.320906
196,21.886305,22.25126
197,24.57217,24.455904
198,20.925344,22.197945
199,22.741758,25.29491
200,20.267134,22.964178
201,21.878994,21.929876
202,26.329618,24.031733
203,26.715487,25.800583
204,26.192385,23.338833
205,22.006697,22.360813
206,22.53186,23.544725
207,24.561394,22.627745
208,21.191374,22.202042
209,21.583471,22.945526
210,21.71481,22.363594
211,19.53068,23.39859
212,22.724337,22.327808
213,21.747889,22.555948
214,27.469004,23.778082
215,20.27957,22.8408
216,20.051094,23.193193
217,22.35556,22.44378
218,23.232395,22.329056
219,20.582893,23.332996
220,23.414972,23.503208
221,21.97794,23.492212
222,23.056696,22.266508
223,27.166676,24.088877
224,20.03407,22.681673
225,20.731028,23.070782
226,23.354992,22.966019
227,21.19785,23.070782
228,25.080482,22.061277
229,27.484545,25.477089
230,25.299625,21.927292
231,19.79706,21.980621
232,21.655704,22.592445
233,22.476288,22.517754
234,23.18101,22.30907
235,23.894909,22.294434
236,23.942837,21.906843
237,23.027042,22.217783
238,24.93373,22.783356
239,21.582401,23.10879
240,25.95775,24.068853
241,19.49324,22.809992
242,23.626976,22.000675
243,23.951157,21.940947
244,22.983604,22.261827
245,19.264242,22.084427
246,22.868956,22.393951
247,22.288965,22.879293
248,21.478775,22.391958
249,25.607046,22.675097
250,22.09817,22.793552
251,20.018055,21.817745
252,22.462687,22.262323
253,21.85307,22.703781
254,20.55867,22.067272
255,28.54621,23.644844
256,22.659845,22.639362
257,18.012943,22.344778
258,25.705925,24.565344
259,20.90351,22.198166
260,19.72063,22.802977
261,23.475323,22.337965
262,22.076254,22.38713
263,20.374285,23.199106
264,21.790564,21.946978
265,22.374811,22.371735
266,25.79667,26.067797
267,24.566126,22.130562
268,22.728264,22.319038
269,26.149843,26.610521
270,25.514118,22.48724
271,23.068306,22.28802
272,25.051243,25.811523
273,25.427635,21.950092
274,23.21971,22.717367
275,22.723919,23.18
276,29.22502,24.439724
277,23.76947,22.322056
278,22.65889,22.473648
279,23.211987,22.59445
280,27.137003,25.09589
281,24.17304,23.590473
282,21.326254,22.082535
283,21.351166,23.06591
284,23.339947,22.002872
285,22.509865,23.62556
286,24.05134,23.184969
287,22.849415,23.233828
288,22.694132,29.452065
289,22.318983,22.136196
290,21.547895,21.941267
291,25.336954,28.38991
292,19.925608,23.520235
293,21.745869,22.64162
294,22.06427,22.662783
295,21.480364,22.443947
296,22.209845,22.22565
297,26.7418,24.703512
298,21.020195,22.24076
299,21.25102,22.94455
300,24.488214,22.698935
301,22.073103,21.966433
302,23.449665,22.964767
303,22.232128,23.131912
304,26.833603,23.67912
305,21.04532,22.202164
306,22.006134,24.827404
307,19.381447,22.531124
308,24.97377,25.821377
309,22.18382,22.3269
310,21.6011,23.142685
311,24.656576,22.945953
312,19.202456,22.196796
313,18.52376,22.299875
314,24.87147,22.10233
315,23.012815,25.480568
316,22.363293,22.928978
317,23.004463,21.991179
318,24.735178,21.940826
319,25.140276,29.650938
320,25.799646,22.838095
321,25.532438,24.035143
322,19.415485,22.062262
323,22.927063,23.662529
324,24.332481,22.08708
325,26.693825,22.722754
326,21.047039,22.699133
327,19.626486,22.664295
328,20.486135,23.050663
329,19.619104,22.875801
330,25.790045,22.380222
331,22.604212,22.058104
332,20.036238,22.043955
333,20.663242,22.781038
334,25.290691,25.148104
335,24.05279,22.040903
336,23.928347,22.87178
337,23.791655,22.044275
338,22.869566,22.061369
339,27.18877,23.202267
340,20.574083,22.416315
341,26.399141,24.338774
342,23.347178,21.860546
343,20.765995,22.251554
344,25.932943,25.491272
345,21.105427,22.81211
346,19.218641,23.164724
347,22.474123,22.769278
348,25.02152,25.082981
349,23.698149,22.259932
350,25.924387,22.240149
351,21.589846,22.489887
352,16.327938,22.199385
353,22.522429,22.72702
354,24.52006,22.523134
355,22.260445,22.53321
356,24.937313,22.110514
357,27.978426,23.714323
358,22.594482,22.602901
359,29.71956,23.546574
360,21.673592,22.854439
361,23.744448,21.943113
362,23.358665,22.036528
363,24.979492,22.04054
364,19.336607,22.819407
365,22.478653,22.493322
366,22.003428,21.834702
367,21.9704,22.384924
368,24.72678,23.210524
369,21.080275,22.257332
370,22.934792,23.587015
371,20.532553,22.371117
372,22.385826,22.81274
373,26.372957,22.19119
374,26.75208,26.209698
375,26.005453,24.160065
376,22.812222,22.231815
377,22.927454,23.507315
378,24.70051,22.778585
379,21.371187,22.977497
380,21.841516,22.546865
381,26.187963,23.929966
382,21.970362,22.257418
383,19.866339,23.326218
384,22.85125,22.691206
385,22.429085,23.393778
386,27.208544,24.470463
387,20.53943,22.403376
388,19.855608,23.201239
389,22.515217,22.405775
390,23.30695,22.191954
391,22.262293,23.302326
392,20.584562,22.98915
393,23.267927,22.562302
394,22.019096,23.399588
395,23.036695,22.315891
396,27.336346,24.73457
397,20.105648,22.999975
398,20.633888,23.188847
399,23.51632,22.535368
400,21.051495,23.439068
401,25.07819,22.164875
402,27.822754,25.299664
403,25.327301,21.904642
404,19.676685,22.545385
405,21.895105,22.547262
406,23.672329,31.513115
407,23.432224,22.309753
408,23.797522,23.131842
409,24.143135,22.310707
410,23.024435,22.086056
411,24.847626,23.817366
412,21.981724,22.402384
413,25.8241,24.858423
414,19.625065,22.34008
415,23.913977,22.223661
416,23.631683,22.354685
417,23.190086,22.355148
418,20.768238,22.236439
419,22.832556,22.248537
420,22.461374,22.588526
421,21.24101,22.466242
422,25.557217,22.654215
423,21.960928,22.36146
424,20.127665,21.81271
425,22.348673,22.3042
426,21.840855,22.778679
427,20.478535,22.071638
428,28.29533,23.70039
429,22.329304,22.583065
430,18.023989,22.414215
431,25.59183,23.794199
432,20.789082,22.257555
433,20.069426,22.477001
434,23.682793,22.258526
435,21.82033,22.120783
436,20.384525,22.478493
437,22.650236,22.345942
438,22.695492,22.320747
439,25.86883,26.124899
440,24.578049,23.314556
441,22.923338,22.22681
442,25.829338,25.58448
443,25.420027,22.29975
444,24.602026,22.266718
445,25.328024,23.822788
446,25.611397,23.85214
447,23.097586,22.395576
448,22.921053,22.360735
449,29.23411,24.84618
450,23.62973,22.842438
451,22.858665,22.303495
452,23.26529,22.640203
453,27.079683,25.325344
454,24.353266,22.152412
455,21.03785,22.044361
456,21.27208,23.367138
457,23.571678,22.308187
458,22.796345,22.68989
459,20.58859,23.340435
460,24.367937,23.821568
461,23.167765,22.70943
462,23.780258,28.957018
463,22.636387,22.298325
464,22.25566,22.472034
465,21.279163,22.501661
466,25.26432,25.917469
467,20.252201,22.782455
468,21.808956,22.151653
469,22.12679,23.16271
470,21.299612,22.069
471,22.262993,22.316875
472,27.285578,25.202364
473,20.851568,22.219213
474,20.97669,22.290081
475,24.38316,26.108994
476,22.456066,22.854733
477,23.694063,21.973917
478,22.426968,22.8984
479,26.755014,24.115644
480,21.35105,22.253315
481,21.709957,22.345268
482,19.421366,22.537601
483,24.686424,25.397192
484,22.353943,22.348621
485,21.530523,22.576994
486,24.963856,22.81861
487,19.267715,22.273613
488,18.56346,22.38009
489,18.801153,22.258451
490,25.130201,23.162123
491,23.2332,22.285566
492,21.982107,22.981934
493,22.904327,22.141573
494,24.669588,22.012058
495,25.15015,26.504328
496,25.872036,23.328955
497,25.49658,25.066042
498,19.73197,22.426697
499,19.721111,22.824272
500,23.600208,23.634186
501,24.341005,21.997276
502,26.282831,22.418133
503,21.44962,23.047693
504,19.859795,22.30844
505,20.653479,22.434597
506,19.797588,22.273106
507,25.967733,22.354828
508,22.522783,22.31726
509,20.236937,22.204325
510,20.270512,22.76792
511,25.28839,24.757978
512,24.096405,22.015844
513,24.162804,22.76509
514,23.733376,22.8702
515,22.623873,22.449833
516,27.114979,23.450611
517,20.66952,22.437803
518,26.294794,25.031458
519,23.684711,22.280773
520,20.57305,23.117105
521,25.562656,24.235191
522,21.12331,22.62604
523,19.137787,22.749184
524,22.821815,22.145142
525,25.370895,23.938412
526,23.790073,22.310322
527,26.3375,23.117212
528,21.789608,22.765821
529,16.435972,22.440275
530,22.546726,23.585428
531,24.16566,22.435287
532,22.05131,22.745903
533,25.32682,22.293558
534,28.13675,23.726334
535,23.316727,22.959795
536,29.958529,24.180891
537,21.81128,22.327196
538,23.851046,22.170935
539,23.34507,22.845997
540,25.48664,22.205023
541,19.410295,22.569832
542,22.990477,22.776062
543,22.004389,22.44744
544,23.660837,22.108698
545,23.289728,24.750309
546,25.859636,22.1318
547,20.232243,22.464542
548,21.821938,22.47204
549,25.528301,23.38826
550,21.107151,23.193455
551,24.433554,22.389439
552,27.190388,22.472347
553,27.91559,25.48948
554,26.75445,24.15519
555,23.248251,22.808485
556,24.292059,22.314604
557,26.24357,22.412466
558,23.167997,22.529627
559,22.328295,22.907595
560,26.940914,23.79909
561,22.689302,22.72262
562,21.619503,23.173859
563,24.347837,21.818707
564,23.618078,24.113308
565,23.580057,23.394707
566,28.355429,24.86617
567,21.343052,22.80941
568,21.117844,22.578875
569,23.218792,23.88258
570,24.80032,22.981625
571,24.930117,22.384398
572,21.87772,23.40829
573,24.725616,22.21186
574,23.82233,28.457
575,24.27888,22.636248
576,28.131351,24.247622
577,21.294125,24.032862
578,22.365456,22.39747
579,21.451948,22.384277
580,25.19401,22.463152
581,23.02589,22.68684
582,26.347408,23.167366
583,30.141466,24.644796
584,26.465897,23.412014
585,20.797853,22.504223
586,23.131023,22.689219
587,24.361359,23.017582
588,24.826174,22.281242
589,24.739319,24.009745
590,25.29644,22.170563
591,23.846916,22.648342
592,26.110641,24.063908
593,23.264997,22.796757
594,26.528765,23.470148
595,20.069025,23.476347
596,25.105267,22.457834
597,25.370497,22.226713
598,23.941309,22.3585
599,23.224777,22.863003
600,25.127186,22.680696
601,24.013824,22.046452
602,22.401,22.54525
603,26.264595,22.175255
604,21.735397,23.790695
605,23.426603,23.038115
606,23.510923,22.663132
607,21.131998,22.050987
608,23.503822,22.123127
609,28.934404,23.800148
610,24.798176,22.506117
611,19.048096,22.467117
612,26.019735,23.13536
613,21.76236,22.39763
614,20.841658,22.951145
615,22.517189,22.47292
616,24.995117,23.279884
617,23.057802,22.243341
618,22.281027,22.811026
619,23.37748,22.149204
620,23.864666,22.315113
621,26.555864,30.038647
622,25.685843,23.545227
623,23.931213,22.310734
624,27.646519,26.06961
625,26.822115,21.98081
626,25.973673,21.978853
627,26.53621,26.39016
628,26.588793,23.681257
629,24.666557,22.340858
630,23.4185,22.643234
631,29.22653,25.13551
632,25.840096,21.92792
633,24.446764,22.672894
634,25.09227,23.20564
635,28.115852,25.205036
636,25.516636,22.663342
637,22.764868,22.022165
638,23.5478,23.586147
639,24.696207,22.400272
640,21.559147,26.620867
641,24.137167,22.131264
642,21.912771,23.138716
643,24.357775,23.099646
644,24.586954,22.132935
645,24.882515,21.923407
646,24.644382,31.007025
647,23.301687,22.358692
648,22.896605,21.772512
649,26.488808,26.675299
650,22.282326,22.320316
651,23.455404,22.304518
652,23.305096,23.117186
653,22.633894,22.17367
654,23.307968,22.64191
655,27.778503,25.16394
656,23.159136,22.196167
657,22.99227,22.887632
658,22.303612,23.861374
659,25.420858,22.334688
660,23.304928,22.936325
661,24.980093,22.388828
662,23.280117,22.77498
663,18.51222,22.398655
664,24.089582,23.170107
665,27.446869,23.283695
666,21.860012,23.03607
667,21.852222,23.222242
668,20.89858,22.420525
669,20.595482,22.494581
670,26.055746,24.798532
671,23.346912,22.396872
672,23.138245,22.921793
673,26.65218,22.92077
674,21.167952,22.397621
675,19.719965,22.562777
676,19.177761,28.784985
677,19.471876,22.4896
678,26.442158,22.31926
679,24.853664,22.295633
680,23.847506,22.48705
681,24.386753,22.522778
682,26.07516,22.09464
683,26.517744,27.139942
684,26.989534,22.499475
685,26.120573,22.691463
686,21.023502,22.234348
687,21.192856,22.643894
688,25.805286,22.487505
689,26.078415,22.572998
690,28.084768,22.306183
691,22.948225,23.210342
692,20.720205,23.03104
693,21.415958,23.347414
694,20.490297,23.093111
695,21.147638,22.662458
696,19.744072,23.246702
697,27.257906,22.375345
698,23.767624,22.511883
699,24.511517,24.183487
700,21.144924,22.384491
701,22.042238,23.043257
702,26.561981,25.69312
703,25.279345,22.11398
704,26.133928,26.93182
705,24.604193,23.723522
706,22.229307,22.609673
707,26.579924,22.888014
708,23.66851,22.888845
709,27.90051,23.055223
710,24.53031,22.861664
711,22.001871,22.898388
712,22.205545,25.366648
713,27.01672,24.141006
714,22.743015,21.912376
715,26.84654,25.062782
716,22.578856,22.760292
717,19.947561,22.50345
718,23.831676,22.70051
719,26.678082,23.7967
720,24.407196,23.050161
721,27.47903,22.722645
722,24.35891,21.988874
723,20.745384,22.398054
724,17.519753,22.398638
725,24.148975,23.251032
726,25.443462,22.14015
727,23.148977,23.277445
728,26.185968,22.588036
729,28.610281,23.91463
730,24.699589,23.027067
731,30.603638,23.45698
732,23.369934,22.51356
733,24.885798,22.197803
734,24.80351,22.100266
735,20.539528,22.489183
736,24.009281,23.514984
737,23.976488,22.746363
738,23.719078,22.268175
739,23.234476,25.632957
740,26.065882,21.963503
741,20.27698,22.674488
742,21.882914,22.335735
743,25.575708,22.867105
744,20.905544,22.863424
745,24.967236,23.187218
746,27.025852,23.074547
747,28.06679,24.478615
748,26.73802,24.994186
749,23.095423,22.547235
750,24.149134,21.874134
751,25.616285,22.97386
752,23.085941,23.244308
753,22.251493,22.823511
754,26.930206,23.628054
755,22.576149,22.336145
756,21.300598,23.57983
757,24.022228,23.10341
758,23.569735,24.83453
759,23.389105,22.552656
760,28.533289,24.137083
761,21.14388,22.23705
762,20.898054,23.550323
763,23.670225,23.074783
764,24.712866,23.664822
765,24.698349,22.97555
766,21.570553,23.287067
767,24.908138,25.7207
768,23.366205,22.716677
769,24.094099,22.543215
770,28.234444,23.476597
771,21.27819,22.846405
772,22.179823,22.80392
773,21.643599,22.814486
774,24.949142,22.685034
775,23.238327,23.150764
776,26.310972,22.494225
777,29.774872,23.964684
778,26.639256,22.459204
779,20.738985,22.2395
780,23.596487,22.706638
781,24.101067,23.122053
782,24.578331,22.25621
783,24.758936,24.658619
784,25.015656,22.108738
785,23.941282,22.754295
786,26.064919,24.981928
787,23.13393,22.550884
788,26.513681,24.3707
789,20.00171,23.303322
790,24.828905,22.309607
791,25.199745,22.22352
792,23.786009,22.264183
793,23.831806,22.337015
794,24.491667,23.25184
795,23.85965,24.34489
796,22.10254,22.651241
797,26.277407,24.907475
798,21.026058,23.034079
799,23.566456,22.10522
800,23.525923,25.064655
801,21.0704,22.037003
802,23.22539,21.972624
803,28.891567,23.850773
804,24.443424,22.479017
805,19.063814,22.956581
806,26.212425,23.718807
807,21.68249,22.336332
808,20.499975,23.488123
809,22.384348,22.405342
810,24.627134,22.528498
811,22.756407,22.022312
812,22.12521,22.377811
813,23.341314,22.274378
814,23.642582,22.345617
815,26.29401,24.795757
816,25.579004,23.18969
817,23.414612,22.211447
818,27.545322,24.995708
819,27.118307,22.369167
820,26.107773,21.905863
821,26.141628,27.264004
822,26.273016,23.244963
823,24.01126,22.358284
824,23.418371,22.393213
825,29.467175,24.49717
826,26.060797,24.422445
827,24.177517,21.930664
828,24.64351,23.253628
829,27.876652,24.648573
830,25.882725,22.277205
831,22.611115,22.096582
832,23.044806,23.491478
833,24.508274,22.146528
834,21.630598,26.24105
835,24.067003,24.506483
836,21.724266,23.264587
837,25.128443,22.308514
838,24.482777,24.121107
839,24.76065,21.994303
840,24.488863,23.288263
841,23.172457,22.129398
842,22.519762,22.697372
843,26.47407,24.38687
844,21.783195,22.839241
845,23.244347,22.159708
846,22.970575,24.33911
847,22.629576,21.990925
848,23.180176,22.606995
849,27.81425,24.214087
850,23.232277,23.9134
851,22.887642,22.316786
852,22.131254,24.746716
853,25.310947,22.285477
854,23.517544,23.502699
855,25.060701,22.26529
856,23.291441,23.015978
857,18.389471,23.119007
858,23.800722,23.57983
859,27.455442,23.51376
860,21.864649,22.177727
861,21.653316,22.390646
862,20.70903,22.322239
863,20.4327,22.974031
864,25.894924,25.373417
865,23.077688,22.295107
866,22.966835,22.537094
867,26.844666,22.6876
868,20.430237,22.391457
869,19.606232,22.333382
870,19.01089,22.391441
871,19.173971,22.324919
872,26.136623,22.721514
873,24.42283,23.537584
874,23.781769,23.016207
875,24.228716,22.044336
876,25.984137,22.26851
877,26.291307,22.556889
878,26.934917,24.339384
879,26.09964,22.334917
880,20.712479,22.144962
881,20.861095,23.579266
882,25.953484,22.343632
883,25.862797,22.915668
884,28.423243,24.22969
885,22.75801,23.491919
886,20.50064,22.973022
887,21.196482,22.780981
888,20.356443,22.805742
889,21.196253,22.46191
890,19.339691,22.925581
891,27.324461,22.3768
892,23.594618,22.632135
893,24.491632,24.936735
894,20.781748,22.072641
895,22.058758,22.62661
896,26.410538,24.52242
897,25.272234,22.77273
898,25.771967,25.81582
899,24.564447,24.161926
900,26.70552,22.845242
901,23.563211,22.522602
902,27.912298,22.980793
903,22.328695,22.576197
904,22.309774,25.8301
905,27.03769,24.684656
906,22.755753,22.152243
907,26.708607,24.640326
908,22.077375,22.421299
909,19.96976,22.845299
910,23.972214,22.52872
911,26.6491,23.003004
912,24.530909,22.567263
913,27.50382,23.48097
914,24.283295,22.155712
915,20.40466,22.336863
916,17.444422,22.337406
917,24.026066,23.75764
918,25.892508,23.9168
919,22.999844,24.136024
920,26.354897,22.512457
921,28.62576,23.824623
922,24.40337,23.506012
923,30.415848,23.373913
924,23.253864,22.296904
925,24.660263,22.179209
926,24.876333,22.105745
927,26.666817,22.324408
928,20.449553,22.795277
929,24.290016,25.139406
930,23.962065,22.873878
931,23.48685,22.338202
932,23.202065,23.4745
933,25.805958,22.19716
934,20.166397,22.796228
935,21.96163,22.280346
936,25.151693,23.0301
937,20.861897,22.59678
938,24.691845,22.323517
939,26.77212,22.30668
940,27.76742,25.935661
941,26.694254,24.433624
942,23.035381,24.414606
943,23.970274,23.554169
944,25.470621,22.743513
945,22.949001,22.43967
946,22.233988,22.780382
947,26.899033,23.523066
948,22.615553,22.2808
949,21.160225,23.77468
950,23.701324,22.521364
951,23.566824,24.490034
952,23.271667,22.54113
953,28.423504,24.428759
954,21.043303,22.598522
955,20.556973,23.56464
956,23.3412,23.234938
957,24.642897,22.891155
958,24.665203,23.827108
959,21.432352,22.948538
960,24.770212,22.461014
961,23.142946,22.866276
962,23.987854,22.775461
963,28.111807,24.122766
964,21.232677,23.21417
965,22.148058,23.304161
966,21.485281,22.529284
967,24.761494,22.349516
968,23.090525,22.536766
969,26.110224,22.556946
970,29.437202,24.30705
971,26.381224,22.438404
972,20.626732,22.312017
973,23.29859,22.98401
974,23.79437,22.739038
975,24.351828,22.479038
976,24.816248,24.20072
977,24.88726,22.3507
978,23.971018,22.470871
979,26.065935,25.011984
980,22.978271,22.889702
981,26.497803,24.557213
982,20.017694,22.822922
983,24.709658,22.364311
984,24.96539,22.403261
985,23.638218,22.568295
986,23.515316,22.74499
987,24.122253,22.626965
988,23.694883,22.873497
989,21.867651,22.784561
990,26.241446,22.88011
991,20.844254,22.49362
992,23.388588,22.811424
993,23.228262,23.330427
994,21.157185,22.285368
995,22.993483,21.997293
996,28.853724,23.75656
997,24.195148,23.322496
998,18.86614,23.047796
999,26.416443,22.795794
1000,21.640818,22.280993
1001,20.463217,22.5784
1002,22.32245,22.28459
1003,24.428915,22.643354
1004,22.64802,22.080343
1005,21.956675,22.689182
1006,23.179565,22.835878
1007,23.485764,22.45256
1008,26.155405,26.074444
1009,25.605434,22.876974
1010,23.344389,22.779848
1011,27.35011,27.312317
1012,26.911135,22.485487
1013,25.654257,21.945675
1014,26.124409,27.95681
1015,26.178587,22.375692
1016,23.938486,22.529726
1017,23.305038,22.62416
1018,29.381798,25.009169
1019,25.720798,21.977951
1020,24.024046,22.104519
1021,24.412148,23.142635
1022,27.76561,24.523432
1023,25.471838,22.07638
1024,22.290705,22.043068
1025,22.687267,23.82212
1026,24.372465,22.289043
1027,21.527388,23.314665
1028,23.895878,23.4248
1029,21.415413,23.65765
1030,25.03773,22.431839
1031,24.337656,23.16922
1032,24.69756,21.938398
1033,24.064072,23.03609
1034,23.02412,22.454683
1035,22.663395,22.694298
1036,26.264595,25.597294
1037,21.67422,23.023952
1038,23.092497,22.53126
1039,22.924475,23.368128
1040,22.451178,22.29772
1041,23.026218,22.411114
1042,27.687214,24.015268
1043,22.695885,23.36065
1044,22.665592,21.73587
1045,22.144693,24.54971
1046,25.258194,22.289242
1047,23.13063,22.808218
1048,24.764791,22.937092
1049,23.159624,22.50067
1050,17.677597,22.282091
1051,23.496021,23.790936
1052,27.464441,23.694113
1053,21.59477,23.032648
1054,20.323853,23.047897
1055,25.710411,25.459158
1056,22.893307,22.228235
1057,22.783932,22.784653
1058,26.613407,22.873354
1059,20.49887,22.304281
1060,19.509054,22.271324
1061,18.893225,26.587742
1062,19.04095,22.27893
1063,25.90035,22.521692
1064,24.10563,23.823563
1065,23.380075,23.026585
1066,24.02787,21.931225
1067,25.71729,22.680048
1068,26.062574,25.033234
1069,26.896706,23.477577
1070,26.195036,22.449001
1071,20.560604,22.265604
1072,20.597506,23.318623
1073,25.552557,22.816275
1074,25.837116,22.723307
1075,28.052961,23.444534
1076,22.53503,22.54261
1077,20.449053,22.509602
1078,21.119864,22.746542
1079,20.339405,22.6165
1080,21.355183,22.472631
1081,19.096949,23.572163
1082,26.992754,23.118404
1083,23.503408,22.769623
1084,24.456627,24.140072
1085,20.692741,22.391304
1086,21.67029,23.165329
1087,26.20311,25.10695
1088,25.226522,22.797922
1089,25.476267,26.881207
1090,24.59782,23.774658
1091,26.651123,22.924234
1092,23.211637,22.639906
1093,27.982185,23.139107
1094,22.197662,22.654665
1095,22.213646,23.30175
1096,26.929464,24.748959
1097,22.453537,22.36621
1098,26.555456,25.818659
1099,21.95567,22.876593
1100,19.720436,23.063173
1101,23.821463,22.771933
1102,26.392414,24.408255
1103,24.508612,22.631567
1104,27.378696,22.321447
1105,23.84047,22.648952
1106,20.347536,22.529284
1107,17.275717,22.28208
1108,24.00263,22.321728
1109,25.636017,22.43459
1110,22.965284,23.647377
1111,26.112263,22.245586
1112,28.539917,23.863564
1113,24.189447,22.16007
1114,30.338541,23.471048
1115,23.036753,22.86157
1116,24.419231,22.023548
1117,24.56658,22.028038
1118,26.697565,22.54047
1119,20.312529,22.994429
1120,24.15424,22.618431
1121,23.73219,22.778238
1122,23.000317,22.860907
1123,23.091389,23.14022
1124,25.62837,22.758053
1125,20.065485,22.558655
1126,22.09764,22.291864
1127,24.901745,23.415266
1128,20.995398,22.693054
1129,24.221298,22.654722
1130,26.384594,22.217318
1131,27.472141,25.573185
1132,26.686052,23.725367
1133,23.085848,22.97939
1134,23.80196,23.344908
1135,25.10043,22.694115
1136,22.943153,22.676323
1137,22.265282,22.475971
1138,26.876688,23.368517
1139,22.635324,22.292282
1140,20.878822,22.611399
1141,23.297417,22.58538
1142,23.481932,24.041887
1143,23.115604,22.574226
1144,27.965408,22.912195
1145,20.963541,22.366673
1146,20.245602,23.329695
1147,23.228603,23.34543
1148,24.51662,22.356874
1149,23.95939,28.315008
1150,21.027952,22.643244
1151,24.536074,24.425314
1152,22.87958,23.404175
1153,23.832096,22.821331
1154,28.01548,23.800217
1155,21.137978,23.01492
1156,22.219856,22.363934
1157,21.25246,23.189728
1158,24.199888,22.440641
1159,22.88084,23.071827
1160,25.880054,22.15093
1161,28.898066,24.331173
1162,26.052025,22.145582
1163,20.4947,22.387812
1164,22.894728,25.396935
1165,23.540892,22.57413
1166,24.014824,22.487694
1167,24.818834,23.601036
1168,24.794067,23.023254
1169,23.900017,22.347828
1170,25.971256,24.205994
1171,22.823618,23.329775
1172,26.489784,23.51003
1173,19.859032,22.62272
1174,24.50667,22.44399
1175,24.655245,22.307787
1176,23.55717,22.440004
1177,23.293716,22.962015
1178,23.704271,22.793125
1179,23.834518,22.214922
1180,21.940643,22.500246
1181,26.268648,23.721638
1182,20.558296,23.072744
1183,23.24542,22.189053
1184,23.042992,22.47351
1185,20.969894,22.022913
1186,22.483828,25.845259
1187,28.861021,23.4093
1188,23.935232,22.787449
1189,18.703388,22.458527
1190,26.486881,22.613626
1191,21.534113,22.387339
1192,20.447096,22.326647
1193,22.20419,22.337889
1194,24.236835,22.424726
1195,22.560942,22.2329
1196,21.727922,22.431986
1197,22.954996,21.985754
1198,23.237833,22.50816
1199,26.077951,25.339354
1200,25.664665,24.01117
1201,23.798388,22.318855
1202,26.792192,25.432213
1203,26.58086,22.440754
1204,25.21007,21.860226
1205,26.320711,25.23982
1206,25.91103,22.614153
1207,23.737356,22.325191
1208,23.272678,22.40663
1209,29.152666,24.262825
1210,25.375795,24.037289
1211,23.562963,22.281498
1212,24.187695,22.829817
1213,27.790257,24.58415
1214,25.46506,22.307112
1215,22.058943,22.269634
1216,22.163803,23.275475
1217,23.935211,22.307032
1218,21.24326,24.5758
1219,24.15741,22.258192
1220,21.040264,23.885342
1221,24.935635,23.203482
1222,24.404564,22.279085
1223,24.652895,22.54453
1224,23.637781,22.734373
1225,22.866224,22.556084
1226,22.212328,22.769981
1227,25.98879,25.190216
1228,21.34834,22.153355
1229,22.822077,22.36027
1230,22.793335,23.249548
1231,22.19257,22.11431
1232,22.8213,22.72571
1233,27.682377,23.936634
1234,22.166649,22.613739
1235,22.205141,21.838095
1236,22.026371,23.925867
1237,25.093237,22.66608
1238,23.069948,22.572369
1239,24.462967,22.230013
1240,22.902498,23.105824
1241,23.057894,22.916214
1242,27.465534,23.205236
1243,21.684563,22.37336
1244,20.062378,22.561577
1245,25.644625,24.560614
1246,22.7279,22.452507
1247,22.46924,23.170523
1248,26.34231,22.521704
1249,20.65926,22.332445
1250,19.363758,22.40399
1251,18.815063,22.984539
1252,19.108301,22.599726
1253,25.749681,22.865936
1254,23.781784,22.363544
1255,22.979301,23.39215
1256,23.605621,22.363934
1257,25.349913,22.182827
1258,25.772997,24.755238
1259,26.78479,23.344908
1260,26.204699,22.696346
1261,20.362167,22.010796
1262,20.112244,23.456245
1263,25.101686,22.644545
1264,25.88568,22.1918
1265,27.89316,23.40118
1266,22.126434,22.55388
1267,20.351166,22.553518
1268,21.013012,22.647541
1269,20.344118,22.48437
1270,21.505281,22.803913
1271,18.820438,23.90136
1272,26.753866,23.4882
1273,23.36273,22.700527
1274,24.488434,23.641449
1275,20.756277,22.141582
1276,21.492678,23.557774
1277,25.921442,24.679916
1278,25.182878,22.386734
1279,25.07244,24.715069
1280,24.594599,23.27888
1281,26.425098,23.36306
1282,22.389452,23.317375
1283,28.017733,22.830582
1284,21.800522,22.373478
1285,21.967237,23.984545
1286,26.920225,23.987173
1287,24.42222,21.845896
1288,22.036858,22.085354
1289,26.2952,24.771492
1290,21.702574,23.121418
1291,19.514328,22.563229
1292,23.797884,22.577225
1293,26.2759,23.401485
1294,24.384623,23.437431
1295,27.247324,22.927542
1296,23.262043,22.549265
1297,20.466423,22.29309
1298,17.112473,22.293566
1299,23.20002,22.67765
1300,25.683167,22.951124
1301,22.844126,22.887283
1302,25.594162,22.237709
1303,28.760294,23.636051
1304,23.80717,22.732235
1305,30.301844,23.277822
1306,22.754793,22.302675
1307,23.876453,22.049826
1308,23.828363,21.982342
1309,26.162926,22.280783
1310,20.16197,22.558674
1311,23.798296,22.37207
1312,23.366383,23.118273
1313,22.549288,23.572948
1314,22.809196,22.708973
1315,25.359919,22.913155
1316,20.030119,22.709185
1317,21.873808,22.34226
1318,24.333397,23.919558
1319,20.74597,22.812675
1320,23.30694,22.033594
1321,26.01525,22.67983
1322,27.264885,24.598312
1323,26.478928,22.968409
1324,23.009335,23.518145
1325,23.493898,23.515284
1326,24.963772,22.527254
1327,22.312597,22.336824
1328,22.063385,22.610456
1329,26.677992,22.916847
1330,22.305977,22.342611
1331,20.496288,22.862272
1332,22.97971,22.888075
1333,23.141228,24.53819
1334,23.017708,22.686308
1335,27.516317,22.421782
1336,20.820906,22.28188
1337,19.982815,23.318714
1338,22.977858,23.021292
1339,24.120096,22.011194
1340,23.081598,22.295828
1341,20.834013,24.179104
1342,24.13136,22.05422
1343,22.562712,23.336554
1344,23.610924,22.500978
1345,27.790678,23.936516
1346,20.694843,23.972603
1347,21.013966,22.75192
1348,23.918087,22.810526
1349,22.617779,23.510166
1350,25.535164,22.475258
1351,28.45781,23.874289
1352,25.70426,22.43945
1353,20.298382,22.698532
1354,22.617485,22.726397
1355,23.205208,22.942825
1356,23.721027,22.417852
1357,24.538265,23.658823
1358,24.476149,22.214027
1359,23.63743,22.537664
1360,25.644293,23.054989
1361,22.605423,22.349947
1362,26.300983,22.439896
1363,19.713366,22.91177
1364,24.300587,22.37917
1365,24.44913,22.320375
1366,23.410976,22.329687
1367,22.829515,22.136007
1368,23.241055,22.613518
1369,23.369923,21.916113
1370,21.815351,22.726753
1371,26.045343,22.269653
1372,20.378849,22.309729
1373,22.983234,22.308407
1374,22.581253,22.491692
1375,20.750591,22.10476
1376,22.357533,25.313662
1377,28.676867,23.17367
1378,23.097675,22.369967
1379,18.535204,22.697094
1380,26.235819,23.57518
1381,21.338346,22.342783
1382,20.360222,22.770325
1383,22.16144,22.34106
1384,24.011053,22.594597
1385,21.800678,22.27835
1386,20.530748,22.522873
1387,22.676287,21.890806
1388,23.001255,22.715744
1389,25.924908,25.032084
1390,25.450485,22.7432
1391,23.547792,22.213964
1392,26.378798,26.509806
1393,26.1458,22.319017
1394,24.634386,22.555588
1395,26.0789,23.766462
1396,25.683733,22.137608
1397,23.561861,22.331306
1398,23.14309,22.60865
1399,29.206171,23.845581
1400,24.768484,21.987389
1401,23.256063,22.568129
1402,23.653814,23.198742
1403,27.563707,23.959612
1404,25.115227,22.70044
1405,21.623528,22.240086
1406,21.7296,23.45008
1407,23.791195,22.109827
1408,21.243458,28.316484
1409,23.554083,22.191525
1410,20.67092,23.512089
1411,24.580498,23.46089
1412,23.985111,22.280592
1413,24.343529,22.041378
1414,23.221418,22.686382
1415,22.491291,23.790318
1416,22.019611,22.288462
1417,25.689838,25.238777
1418,20.87458,23.022148
1419,22.55545,22.22477
1420,22.58209,22.852877
1421,21.80032,22.24545
1422,22.593336,22.932446
1423,27.500317,23.490688
1424,21.648901,23.06678
1425,21.817987,21.842749
1426,24.855917,26.927872
1427,22.868269,23.78059
1428,24.159895,21.880125
1429,22.704046,22.322407
1430,22.81886,23.229681
1431,27.25282,23.109892
1432,21.569447,23.314104
1433,19.794302,22.80438
1434,25.465761,25.10016
1435,22.567196,22.288836
1436,22.20107,22.386375
1437,25.894512,22.676596
1438,20.782478,22.343313
1439,19.338099,22.346382
1440,18.732271,22.34332
1441,19.064915,22.39887
1442,25.511219,22.559813
1443,23.518984,22.364626
1444,22.305515,22.793295
1445,23.097008,21.97333
1446,25.054796,22.192228
1447,25.400011,24.940405
1448,26.447323,23.124859
1449,26.007385,24.101023
1450,20.190584,22.542322
1451,19.951641,23.221375
1452,24.51944,22.45476
1453,25.312843,22.228151
1454,27.361856,22.60291
1455,21.799023,23.185251
1456,20.12033,22.733185
1457,20.850388,22.989412
1458,20.126755,22.465279
1459,21.30316,22.936344
1460,18.73147,23.845726
1461,26.51768,23.642435
1462,23.127441,22.34672
1463,20.638908,23.259617
1464,21.22434,22.741926
1465,25.573792,24.147308
1466,24.862988,22.563013
1467,24.777365,24.512814
1468,24.312502,23.390224
1469,26.275345,23.336676
1470,22.473372,23.274805
1471,27.773636,22.724438
1472,21.307373,22.627853
1473,21.879559,23.009417
1474,26.695084,23.461292
1475,24.085686,22.331812
1476,21.56152,22.220821
1477,25.966698,24.584448
1478,21.548092,22.15648
1479,19.383081,22.716455
1480,23.494747,22.609404
1481,25.919647,23.007988
1482,24.197496,23.33301
1483,26.95041,23.001303
1484,22.81561,22.21481
1485,20.1762,22.343468
1486,16.899212,22.3439
1487,22.946724,23.321
1488,25.178286,22.238504
1489,22.557095,22.530535
1490,25.218628,22.469873
1491,28.560345,23.374205
1492,23.635565,23.237408
1493,30.198786,23.376406
1494,22.539125,22.291008
1495,23.577599,22.268639
1496,23.38405,22.429478
1497,25.70351,22.511238
1498,19.958769,22.674435
1499,23.541447,22.462383
1500,22.843353,22.588491
1501,23.036715,22.83473
1502,23.279047,23.035902
1503,25.864933,23.999582
1504,20.143448,22.576124
1505,22.130741,22.280153
1506,25.206705,23.070667
1507,21.038128,22.959597
1508,24.612072,22.5177
1509,26.61369,22.422205
1510,27.683609,25.94106
1511,26.787735,23.616077
1512,23.077114,23.424927
1513,23.97018,22.621367
1514,25.24104,22.870901
1515,23.179605,22.70019
1516,22.288752,22.856592
1517,26.967867,23.300053
1518,22.666315,22.280592
1519,20.928497,22.687927
1520,23.537136,22.297884
1521,23.67362,23.684196
1522,23.116156,21.851267
1523,28.159191,23.963789
1524,21.02436,22.536724
1525,20.365387,22.80654
1526,23.390015,23.738344
1527,24.720346,22.640446
1528,24.183714,24.933767
1529,21.20064,23.775917
1530,24.830256,24.236053
1531,23.060438,22.6217
1532,24.00104,22.341879
1533,28.071203,24.065216
1534,21.305109,23.45137
1535,22.2463,22.280863
1536,21.409006,22.348661
1537,24.429832,22.528656
1538,23.064478,22.71499
1539,25.914213,22.239082
1540,29.15584,24.391489
1541,26.212976,22.160267
1542,20.635155,23.690527
1543,23.17452,23.201977
1544,23.708368,23.506517
1545,24.150837,22.330774
1546,24.975105,23.560669
1547,24.83096,22.36594
1548,24.049908,22.567709
1549,26.190552,24.03484
1550,23.004396,22.521385
1551,26.590755,22.500772
1552,19.942793,23.199963
1553,24.597017,22.39737
1554,24.846565,22.263578
1555,23.61291,22.204899
1556,23.706413,22.652893
1557,24.021578,23.89183
1558,23.915457,22.053307
1559,21.982632,22.607275
1560,26.37419,23.753685
1561,20.72237,22.773462
1562,23.468699,22.52293
1563,23.272326,23.638577
1564,21.16908,22.43914
1565,22.712564,22.370228
1566,28.947437,23.537086
1567,24.07942,22.320732
1568,18.764572,22.60876
1569,26.593864,22.841848
1570,21.6392,22.280804
1571,20.532076,22.780823
1572,22.261852,22.292097
1573,24.374023,22.331852
1574,22.664045,22.301182
1575,21.83024,22.63288
1576,23.063772,21.843021
1577,23.353838,22.509813
1578,26.113613,25.759075
1579,25.786724,23.61863
1580,23.617775,22.223051
1581,26.958124,25.261934
1582,26.745106,22.820957
1583,25.603142,22.064558
1584,26.337585,25.142416
1585,26.100111,23.105322
1586,23.914686,22.380592
1587,23.341349,22.503082
1588,29.26157,24.776405
1589,25.61693,24.006908
1590,23.843763,22.375465
1591,24.303867,23.651194
1592,27.677275,24.703537
1593,25.716383,23.145147
1594,22.360312,22.551695
1595,22.417765,23.382887
1596,24.094654,22.121582
1597,21.29245,27.822666
1598,24.29999,22.1351
1599,21.269072,23.744314
1600,25.190786,23.901669
1601,24.59024,22.115402
1602,24.74593,21.99469
1603,23.769075,22.764416
1604,23.095856,22.997791
1605,22.39493,22.82613
1606,26.164877,25.493828
1607,21.54377,22.425417
1608,23.00956,22.248228
1609,22.930485,23.690735
1610,22.373163,22.486877
1611,23.024887,22.911095
1612,27.73537,24.249918
1613,22.45017,24.294914
1614,22.524126,21.777693
1615,22.237442,23.930567
1616,25.250553,22.713444
1617,23.25348,22.357752
1618,24.832588,22.511742
1619,22.875896,22.012104
1620,23.252623,22.768318
1621,27.577618,23.514265
1622,21.733139,22.650816
1623,20.196901,22.611364
1624,25.614603,25.020819
1625,22.862978,22.34596
1626,22.710812,22.514652
1627,26.543455,22.607006
1628,20.660326,22.292992
1629,19.388216,22.302908
1630,18.838726,23.211266
1631,19.105211,22.309568
1632,25.859522,22.758118
1633,23.948359,22.261948
1634,23.180359,23.064962
1635,23.926683,22.276928
1636,25.515335,22.254965
1637,25.9218,24.854765
1638,27.00293,23.146233
1639,26.292925,22.71929
1640,20.58188,22.389658
1641,20.290161,22.748337
1642,25.470543,22.371643
1643,26.090706,22.775824
1644,28.138348,23.6176
1645,22.367495,23.565016
1646,20.437227,23.237707
1647,21.086332,22.933361
1648,20.36004,22.828201
1649,21.595997,23.128841
1650,19.052065,24.146393
1651,26.976704,22.687416
1652,23.547853,22.116861
1653,24.678238,23.55108
1654,20.689915,22.52174
1655,21.641737,22.617617
1656,25.989122,24.787151
1657,25.33312,22.410492
1658,25.3197,26.70327
1659,24.740595,23.34289
1660,26.381947,23.3987
1661,22.208433,22.729326
1662,28.116667,22.812155
1663,21.985405,22.534248
1664,21.915398,24.340761
1665,26.972673,23.77211
1666,22.364462,22.178947
1667,26.397903,24.714584
1668,21.924337,22.207668
1669,19.657398,22.617073
1670,24.050873,22.535982
1671,26.477345,23.072588
1672,24.526834,23.116882
1673,27.370256,23.147495
1674,23.681894,22.281937
1675,20.575558,22.348661
1676,17.226336,22.590408
1677,23.393295,23.131397
1678,25.915205,23.14838
1679,23.016949,23.263823
1680,25.8159,22.468971
1681,28.703094,23.754416
1682,24.053368,22.702288
1683,30.319742,23.387764
1684,22.969433,22.307064
1685,24.136597,22.29055
1686,24.109331,22.104717
1687,26.47886,22.279356
1688,20.244038,22.575994
1689,24.015795,24.144842
1690,23.608673,22.795094
1691,22.377062,22.564377
1692,22.695217,22.172619
1693,25.169823,22.629494
1694,20.047958,22.756414
1695,21.786224,22.321247
1696,23.882479,23.834166
1697,20.639591,22.889477
1698,22.88433,22.181974
1699,25.827137,22.22369
1700,27.140799,25.337933
1701,26.430058,23.4887
1702,22.926615,23.142067
1703,23.2997,23.431152
1704,24.899323,22.859316
1705,21.997683,22.065523
1706,21.960045,22.812014
1707,26.632807,22.884901
1708,22.223938,22.30263
1709,20.341309,26.85645
1710,22.894997,22.897045
1711,23.083761,24.000849
1712,22.915754,23.483948
1713,27.229523,22.4067
1714,20.773376,22.400764
1715,19.800985,23.33053
1716,22.786621,22.704548
1717,23.987417,22.165174
1718,22.90452,23.2498
1719,20.634716,22.915813
1720,23.865017,21.904877
1721,22.398087,23.276188
1722,23.583305,22.406584
1723,27.657362,23.700575
1724,20.644567,23.944118
1725,20.962345,23.26605
1726,23.751587,22.197027
1727,22.21005,22.42601
1728,25.320509,22.159452
1729,28.301588,23.63872
1730,25.486135,22.514378
1731,20.267096,22.567442
1732,22.261633,23.461988
1733,23.055166,22.37687
1734,23.646997,22.34572
1735,24.451065,23.602291
1736,24.36618,22.344046
1737,23.57516,21.964752
1738,25.50921,22.837608
1739,22.546246,22.951279
1740,26.250204,23.137072
1741,19.721416,22.838818
1742,23.828856,23.048607
1743,24.323086,22.266441
1744,23.34247,22.30832
1745,22.207314,22.040972
1746,23.038885,22.552567
1747,23.220259,22.018135
1748,21.719505,22.652155
1749,26.007063,22.157953
1750,20.316908,22.146479
1751,22.773563,22.357944
1752,22.357468,22.361433
1753,20.684422,22.90649
1754,22.249996,25.945719
1755,28.663918,23.106348
1756,22.90722,22.543234
1757,18.444075,22.5356
1758,26.206074,23.556759
1759,21.323467,22.321707
1760,20.21097,22.772898
1761,22.076262,22.29046
1762,23.883549,22.568697
1763,22.014002,22.838497
1764,20.484774,22.689178
1765,22.515924,23.19635
1766,22.905863,22.33698
1767,25.853754,24.95266
1768,25.367271,22.51518
1769,23.349766,22.290821
1770,26.271708,26.510956
1771,25.970518,22.053566
1772,24.324076,21.777348
1773,25.991203,24.887966
1774,25.63392,22.013042
1775,23.531713,22.71823
1776,23.043167,22.651628
1777,29.218851,23.804926
1778,24.487986,21.946507
1779,23.157877,22.24338
1780,23.501795,23.263802
1781,27.39931,23.911968
1782,24.808218,22.16281
1783,21.516953,21.927565
1784,21.584635,23.78751
1785,23.77537,21.994091
1786,21.136194,27.856594
1787,23.390625,22.278057
1788,20.614567,23.063133
1789,24.223473,23.116203
1790,23.842432,22.247042
1791,24.26958,22.050251
1792,23.088188,22.761671
1793,22.345568,22.582052
1794,21.969175,23.19842
1795,25.549574,25.382935
1796,20.9277,22.53424
1797,22.41966,22.88966
1798,22.531242,23.45524
1799,21.582987,22.956644
1800,22.607124,22.832584
1801,27.385427,23.02824
1802,21.41244,22.465004
1803,21.678104,21.738272
1804,24.811357,26.457409
1805,22.7555,24.605476
1806,23.932646,22.562489
1807,22.611729,22.132652
1808,22.707563,25.364693
1809,27.21121,23.036201
1810,21.524591,23.281673
1811,19.715399,22.763521
1812,25.366745,24.80968
1813,22.48036,22.287683
1814,22.047802,22.82804
1815,25.638754,22.74822
1816,20.913887,22.311111
1817,19.297132,22.384247
1818,18.701641,22.311129
1819,18.922585,22.28049
1820,25.40317,22.316399
1821,23.432207,22.127426
1822,22.091183,22.365458
1823,22.987572,22.114866
1824,24.9245,22.119322
1825,25.277164,25.502148
1826,26.264961,23.238369
1827,25.965195,23.96565
1828,20.092272,22.752113
1829,19.90395,22.838886
1830,24.180656,23.676537
1831,25.04039,22.05243
1832,27.10511,22.510145
1833,21.588383,22.979162
1834,20.043825,22.80661
1835,20.787804,23.08398
1836,20.073128,22.779196
1837,21.267769,22.59877
1838,18.556807,23.315645
1839,26.279099,23.048374
1840,23.039103,22.54602
1841,20.548103,22.31106
1842,21.093819,22.75363
1843,25.468506,24.23143
1844,24.772125,22.188053
1845,24.53939,24.152367
1846,24.261751,23.210035
1847,26.155195,23.355106
1848,22.482088,23.301018
1849,27.69596,22.756338
1850,21.118069,22.669458
1851,21.742144,22.122328
1852,26.676815,22.990555
1853,23.945612,21.962814
1854,21.453796,21.941946
1855,25.875954,24.615528
1856,21.538628,22.67352
1857,19.256447,22.59399
1858,23.309546,22.732153
1859,25.719292,22.277828
1860,24.163141,22.904716
1861,26.736677,22.84357
1862,22.645813,22.164177
1863,20.000893,22.322424
1864,16.885187,22.535942
1865,22.795115,22.83907
1866,24.894875,22.057968
1867,22.460707,22.54779
1868,25.089956,22.186691
1869,28.511496,23.357561
1870,23.537233,22.52069
1871,30.133581,23.119066
1872,22.419191,22.726107
1873,23.339663,22.152506
1874,23.21067,21.870405
1875,25.445805,22.45786
1876,19.856527,22.58976
1877,23.353195,22.303272
1878,22.551208,23.585896
1879,22.665066,22.64889
1880,22.908876,22.29961
1881,25.485674,23.380234
1882,20.01602,22.689209
1883,21.963505,22.315409
1884,24.68181,23.576233
1885,20.869669,22.737507
1886,23.766977,22.056604
1887,26.172401,22.1705
1888,27.338064,25.284998
1889,26.540373,23.563549
1890,23.042439,22.461008
1891,23.641294,22.492437
1892,24.997416,22.833685
1893,22.577131,22.256271
1894,22.162508,22.47831
1895,26.734333,23.195808
1896,22.538742,22.315802
1897,20.589724,22.789185
1898,23.161419,22.414371
1899,23.277746,23.583263
1900,23.039545,22.720705
1901,27.733253,22.14347
1902,20.914385,22.148586
1903,20.104612,23.791405
1904,23.163061,23.285078
1905,24.260735,22.170055
1906,23.402594,25.066572
1907,20.964937,23.221075
1908,24.332949,21.94588
1909,22.707655,23.272877
1910,23.687159,22.60059
1911,27.908096,23.268003
1912,20.825724,22.705694
1913,22.158455,22.45323
1914,21.102087,22.945375
1915,24.065414,22.524426
1916,22.728617,23.466457
1917,25.765322,22.067522
1918,28.643396,24.526258
1919,25.808504,22.177725
1920,20.364347,22.540201
1921,22.810816,22.29814
1922,23.394093,22.712343
1923,23.846315,22.39896
1924,24.643715,23.189037
1925,24.688694,22.094719
1926,23.722631,21.970648
1927,25.774813,24.267067
1928,22.674038,22.521227
1929,26.368305,23.022703
1930,19.782303,22.75079
1931,24.357685,22.281025
1932,24.569193,22.090149
1933,23.495848,22.330708
1934,23.034466,22.366064
1935,23.449867,22.628231
1936,23.557823,22.024397
1937,21.846994,22.700634
1938,26.102737,22.160496
1939,20.460438,22.460846
1940,23.058086,22.199675
1941,22.770365,22.390451
1942,20.775967,23.01223
1943,22.400045,25.31303
1944,28.72703,23.217918
1945,23.740803,22.591848
1946,18.518124,22.622269
1947,26.3339,23.575508
1948,21.422941,22.315987
1949,20.364733,22.421095
1950,22.167356,22.267101
1951,24.115906,22.335142
1952,22.163105,22.891712
1953,21.59029,22.441587
1954,22.725933,22.00904
1955,23.11363,22.378036
1956,25.988731,25.90014
1957,25.473206,23.232115
1958,23.583483,22.412394
1959,26.621986,27.053074
1960,26.307886,22.200922
1961,24.899807,21.958103
1962,26.169945,23.621044
1963,25.761242,22.113266
1964,23.603403,22.757868
1965,23.202337,22.459215
1966,29.157438,24.057299
1967,25.117764,21.93374
1968,23.435104,22.299479
1969,23.974628,23.17782
1970,27.68287,24.796013
1971,25.343807,22.02988
1972,21.765015,22.04413
1973,21.962475,23.397532
1974,23.81534,22.019869
1975,21.311111,27.852392
1976,23.79213,22.139221
1977,20.835701,22.887945
1978,24.729906,23.318687
1979,24.130564,22.261093
1980,24.47075,22.04525
1981,23.42289,22.642132
1982,22.578894,22.620214
1983,22.109066,22.260328
1984,25.81512,25.955385
1985,21.177649,22.693184
1986,22.655647,22.73682
1987,22.636995,22.61593
1988,22.08925,22.940098
1989,22.673283,22.789013
1990,27.6061,23.513186
1991,21.951166,22.117691
1992,21.949463,21.883236
1993,24.952154,26.945728
1994,22.939955,22.550594
1995,24.339998,22.054615
1996,22.802929,22.918007
1997,22.925335,22.89772
1998,27.320877,23.294434
1999,21.608925,22.139309
2000,19.900867,22.704296
2001,25.43764,24.96101
2002,22.634787,22.344265
2003,22.28275,22.910461
2004,26.187538,22.45601
2005,20.713215,22.290398
2006,19.35104,22.27924
2007,18.767921,22.290398
2008,19.074995,22.31688
2009,25.645172,22.508326
2010,23.621477,22.30191
2011,22.846127,22.753557
2012,23.320715,22.458244
2013,25.207886,22.161707
2014,25.57258,25.550512
2015,26.565714,23.44922
2016,26.063597,24.01992
2017,20.199635,23.022379
2018,19.933159,22.826742
2019,24.832205,21.936144
2020,25.527475,22.149315
2021,27.620901,23.037159
2022,21.922613,22.87543
2023,20.283848,22.704266
2024,20.960958,22.671213
2025,20.230492,22.415098
2026,21.36941,22.771673
2027,18.776785,24.126404
2028,26.655247,23.08555
2029,23.18622,22.391819
2030,20.739552,22.771109
2031,21.357254,22.802788
2032,25.724728,24.599178
2033,24.981827,22.273533
2034,24.918535,25.432236
2035,24.399086,22.986584
2036,26.327738,23.43956
2037,22.41776,22.913225
2038,27.861612,22.901157
2039,21.688873,22.369284
2040,21.914564,22.114851
2041,26.770859,23.90353
2042,24.229809,21.967916
2043,21.76362,22.052668
2044,26.124853,25.398418
2045,21.578356,22.692076
2046,19.49306,22.672434
2047,23.63395,22.449247
2048,26.126469,22.77351
2049,24.260662,23.571104
2050,27.045935,22.847479
2051,23.053143,22.240606
2052,20.397385,22.316643
2053,16.946772,22.317104
2054,23.023613,22.55914
2055,25.402132,22.002644
2056,22.649393,22.560326
2057,25.400068,22.268328
2058,28.626497,23.53071
2059,23.64909,22.66586
2060,30.256748,23.199799
2061,22.602337,22.635675
2062,23.697746,21.981712
2063,23.575752,22.036486
2064,25.935358,22.061642
2065,20.041716,22.67748
2066,23.670961,22.96817
2067,23.269335,22.864983
2068,21.657776,22.326746
2069,24.598372,23.136257
2070,20.915482,22.2603
2071,22.596087,22.423817
2072,20.405619,22.89659
2073,22.215353,22.926468
2074,26.423536,24.150135
2075,26.711975,24.973808
2076,26.108952,23.50984
2077,22.645061,22.585072
2078,22.545195,22.998146
2079,24.63498,23.24303
2080,21.361813,22.999613
2081,21.758968,22.843828
2082,21.864538,22.42551
2083,19.71116,23.562628
2084,22.863043,22.017689
2085,22.138317,23.405266
2086,27.484518,23.656338
2087,20.350956,23.8947
2088,19.941679,23.40477
2089,22.122267,22.688004
2090,23.433361,22.446962
2091,20.61096,23.11209
2092,23.448788,22.636795
2093,21.861235,23.759645
2094,23.1057,22.7269
2095,27.175314,23.856234
2096,20.073008,22.346867
2097,20.69006,23.365211
2098,23.482958,22.16852
2099,21.279903,23.536564
2100,25.124819,22.436712
2101,27.65965,24.509396
2102,25.312752,22.250023
2103,19.729301,22.60915
2104,21.39083,25.48386
2105,22.550346,22.975174
2106,23.339512,22.287432
2107,23.964401,22.93009
2108,23.97117,22.087938
2109,23.05041,22.07811
2110,24.92508,23.077332
2111,21.62143,22.560675
2112,25.89937,23.45479
2113,19.591337,22.940664
2114,23.799297,22.216433
2115,24.054823,22.355635
2116,23.115387,22.326773
2117,19.73087,22.153248
2118,22.779724,22.535318
2119,22.459175,22.504246
2120,21.225954,22.44995
2121,25.621395,22.342125
2122,22.051708,22.382044
2123,20.058254,22.662113
2124,22.223652,22.445839
2125,22.007954,23.390863
2126,20.549252,22.31865
2127,28.437046,23.262768
2128,22.735628,22.399128
2129,17.995035,22.47391
2130,25.696049,24.914284
2131,20.862907,22.260494
2132,19.915613,23.037878
2133,23.688307,22.395506
2134,22.000965,22.38929
2135,20.391327,22.955885
2136,22.03804,22.246952
2137,22.574291,22.32618
2138,25.852491,24.866474
2139,24.609085,22.25734
2140,22.863766,22.440088
2141,25.281822,25.309086
2142,25.42626,22.635067
2143,23.749401,22.350267
2144,25.225288,26.667465
2145,25.478647,22.383842
2146,23.257917,22.630173
2147,22.89656,22.881184
2148,29.041609,24.055412
2149,23.820438,22.011776
2150,22.791687,22.462542
2151,23.369015,22.48472
2152,26.672165,24.214363
2153,23.97905,22.344994
2154,21.221592,22.01586
2155,20.970264,27.7157
2156,23.570915,22.67934
2157,22.69166,22.851385
2158,24.02831,23.467522
2159,23.142704,22.795898
2160,22.63986,25.016916
2161,22.205317,22.387367
2162,21.283215,23.187876
2163,25.002256,25.096275
2164,20.107258,22.43682
2165,21.794971,22.691319
2166,22.1122,23.05959
2167,21.432457,22.422117
2168,22.151102,22.555475
2169,26.989521,22.82141
2170,20.840551,22.257107
2171,21.25314,22.829834
2172,24.45631,22.892017
2173,22.384134,22.946623
2174,23.362103,22.722591
2175,22.303534,23.300955
2176,26.805504,23.16183
2177,21.23315,22.099445
2178,21.87346,22.411102
2179,19.384974,22.663862
2180,24.752666,26.053137
2181,22.25696,22.315105
2182,21.695318,23.362099
2183,24.723373,22.868986
2184,19.204002,22.259233
2185,18.5365,22.260633
2186,24.85349,22.947802
2187,23.172155,24.54408
2188,22.055485,23.17297
2189,22.949022,22.43578
2190,24.739676,22.046158
2191,25.002804,25.45863
2192,25.886255,22.699287
2193,25.543114,24.546219
2194,19.145605,22.30831
2195,23.051079,23.700302
2196,24.453627,22.32794
2197,26.32522,22.690464
2198,21.41107,22.922068
2199,19.764217,23.026403
2200,20.592482,23.019861
2201,19.738747,22.79587
2202,25.71217,22.352139
2203,22.59593,22.480055
2204,20.226294,22.998146
2205,20.326328,22.82662
2206,25.17445,23.945454
2207,24.119652,22.128841
2208,24.026836,22.846926
2209,23.820932,22.441153
2210,22.579872,22.824003
2211,27.151718,23.244919
2212,20.828392,22.905863
2213,26.32468,24.467686
2214,23.444616,22.404549
2215,21.001081,24.442898
2216,25.456614,24.86995
2217,21.18533,22.291248
2218,19.070423,23.052486
2219,22.522282,22.686804
2220,25.049706,23.403582
2221,23.80533,22.913908
2222,26.343548,23.350256
2223,21.680952,23.232845
2224,16.36164,22.480202
2225,22.608032,22.805857
2226,24.45815,22.463697
2227,22.046677,23.080053
2228,25.1639,22.393951
2229,28.132776,23.430445
2230,23.23046,22.890583
2231,29.835201,23.266045
2232,21.754635,22.491726
2233,23.95746,22.434387
2234,23.43058,22.192944
2235,25.237759,22.395407
2236,19.41201,22.85213
2237,22.567799,22.953234
2238,21.986738,22.377432
2239,23.714342,22.116016
2240,23.155725,24.41527
2241,25.835129,22.166122
2242,20.327255,22.667171
2243,21.74926,22.304415
2244,25.478523,23.260672
2245,21.013464,23.434223
2246,24.69496,22.306366
2247,27.111406,22.31372
2248,27.93238,25.297422
2249,26.66821,24.516577
2250,23.183777,22.896667
2251,24.158886,22.863522
2252,25.99667,22.57431
2253,23.079708,22.382235
2254,22.274015,23.22056
2255,26.859154,23.939402
2256,22.618565,23.42405
2257,21.418211,23.192186
2258,24.21978,22.08388
2259,23.50899,24.742271
2260,23.391924,22.613832
2261,28.220037,24.300413
2262,21.266579,23.015776
2263,20.991047,23.62961
2264,23.282846,22.762102
2265,24.648155,23.437391
2266,24.82246,22.51837
2267,21.856085,23.190617
2268,24.756704,24.665081
2269,23.61641,22.55936
2270,24.15495,22.320833
2271,28.073467,23.80454
2272,21.191267,23.54874
2273,22.2726,23.070251
2274,21.251436,22.414478
2275,25.112816,22.489029
2276,23.116642,22.19084
2277,26.220102,23.205349
2278,30.034496,25.940878
2279,26.40508,23.599733
2280,20.688705,22.344324
2281,23.198584,22.628702
2282,24.358685,22.891085
2283,24.756477,22.295118
2284,24.62576,24.692543
2285,25.190702,22.160473
2286,23.711086,22.96297
2287,25.959883,24.525105
2288,23.15584,22.595865
2289,26.435919,23.484861
2290,20.108444,23.751972
2291,24.988264,22.427618
2292,25.321314,22.413948
2293,23.877634,22.44036
2294,23.302383,22.329178
2295,24.891315,22.794369
2296,23.853598,22.394058
2297,22.267109,22.68684
2298,26.180466,23.917484
2299,21.611275,23.62579
2300,23.38932,22.449757
2301,23.428242,23.344753
2302,21.044027,22.109959
2303,23.36035,22.39826
2304,28.84184,23.936047
2305,24.583973,22.626625
2306,18.957863,22.737053
2307,25.997894,23.448256
2308,21.639202,22.376032
2309,20.72027,23.14206
2310,22.480951,22.36328
2311,24.8534,22.34304
2312,22.897358,22.239954
2313,22.177181,23.075323
2314,23.421762,22.366682
2315,23.766825,22.3841
2316,26.457848,27.3139
2317,25.552174,24.000803
2318,23.58645,22.27274
2319,27.481192,26.169992
2320,26.676384,22.35923
2321,25.839907,22.275663
2322,26.398178,26.247452
2323,26.427456,23.825016
2324,24.547869,22.264296
2325,23.375729,22.951822
2326,29.122786,24.804642
2327,25.94031,24.53991
2328,24.376183,22.778858
2329,24.88227,23.119522
2330,28.013405,24.779081
2331,25.464428,22.663738
2332,22.62211,22.317698
2333,23.38983,23.475897
2334,24.634075,22.559664
2335,21.581825,26.370604
2336,24.027939,25.239372
2337,21.879204,23.595789
2338,24.049816,22.346422
2339,24.447002,23.065548
2340,24.779293,21.782543
2341,24.531265,29.404459
2342,23.150105,22.198662
2343,22.575369,22.274885
2344,26.431555,25.43453
2345,22.136555,22.474499
2346,23.296242,22.299122
2347,23.129438,23.564651
2348,22.542456,22.301678
2349,23.182196,22.85938
2350,27.78962,24.182972
2351,23.187086,22.676233
2352,22.770344,23.503979
2353,22.123146,24.61127
2354,25.340164,22.20793
2355,23.492785,23.017622
2356,24.948935,22.194588
2357,23.151176,23.268509
2358,18.27888,22.716908
2359,23.91624,22.775469
2360,27.363487,23.634336
2361,21.871275,22.21787
2362,21.809437,22.502811
2363,20.948864,22.522047
2364,20.409746,22.755972
2365,25.90541,24.375029
2366,23.269323,22.339146
2367,22.993904,22.679754
2368,26.911125,23.131977
2369,20.628956,22.37604
2370,19.572802,22.437153
2371,19.029436,23.695234
2372,19.451933,22.383236
2373,26.323746,22.522734
2374,24.71395,22.446608
2375,23.801662,22.733267
2376,24.31264,21.868162
2377,25.969265,22.181524
2378,26.448307,27.127941
2379,26.892483,23.59151
2380,26.018147,22.611382
2381,20.770369,22.103914
2382,21.18977,22.582172
2383,25.809256,22.63625
2384,25.903526,23.397804
2385,27.941063,23.537403
2386,22.867916,23.414577
2387,20.643309,23.195257
2388,21.31553,23.39423
2389,20.442759,23.098152
2390,21.073496,22.55208
2391,19.571463,23.094976
2392,27.206785,23.224636
2393,23.601046,22.583115
2394,24.403507,24.606144
2395,21.043533,22.366655
2396,22.162798,22.78086
2397,26.453379,25.355045
2398,25.205902,22.895658
2399,25.987204,26.795782
2400,24.48656,23.941347
2401,22.121702,23.609425
2402,26.484123,23.134768
2403,23.717152,22.817862
2404,27.809267,23.206867
2405,23.207989,23.797552
2406,24.889288,22.663067
2407,22.357649,23.049568
2408,22.125105,26.311714
2409,26.94803,24.376053
2410,22.836077,21.9629
2411,26.717966,25.28762
2412,22.153784,22.415297
2413,19.895458,22.747513
2414,23.940535,22.781199
2415,26.604176,23.480438
2416,24.488493,22.757927
2417,27.485205,23.071426
2418,24.301207,21.711863
2419,20.66359,22.376493
2420,17.38482,22.724703
2421,24.196726,23.226654
2422,25.234465,23.83632
2423,23.03295,23.781372
2424,26.520437,22.612495
2425,28.706974,23.577257
2426,24.581436,23.518547
2427,30.534544,23.56966
2428,23.194088,22.410957
2429,24.698719,21.947882
2430,25.128122,23.029976
2431,20.4854,22.68598
2432,24.471478,23.22114
2433,23.77968,22.4754
2434,23.746666,22.152782
2435,23.270851,24.77181
2436,26.069206,22.259674
2437,20.27385,22.670742
2438,21.884447,22.366732
2439,25.641127,22.802616
2440,20.890007,23.169018
2441,25.02955,22.492373
2442,27.03686,24.579796
2443,28.08603,24.983019
2444,26.78721,23.714529
2445,23.081135,22.820759
2446,24.205719,22.33815
2447,25.733837,22.607384
2448,23.132143,22.479237
2449,22.265923,23.03847
2450,26.98025,23.82161
2451,22.589787,21.774403
2452,21.286427,22.887089
2453,24.146204,22.264229
2454,23.623507,24.691656
2455,23.424744,22.992405
2456,28.536375,24.655403
2457,21.180319,22.566128
2458,20.973791,23.680387
2459,23.618837,22.80117
2460,24.741726,23.688223
2461,24.78673,22.307571
2462,21.620016,22.957056
2463,25.04777,24.171595
2464,23.446402,22.812153
2465,24.200108,22.565826
2466,28.244366,23.984373
2467,21.338705,22.485392
2468,22.206223,22.430569
2469,21.248907,22.426266
2470,25.031616,22.634449
2471,23.284634,22.833828
2472,26.352268,23.214737
2473,29.889696,25.43647
2474,26.668991,23.131603
2475,20.833218,24.222042
2476,23.611057,22.628021
2477,24.210022,22.635635
2478,24.654104,22.502829
2479,24.787048,24.542202
2480,25.06899,22.257904
2481,23.89718,23.027718
2482,26.078367,24.59885
2483,23.250422,22.860699
2484,26.562698,23.527147
2485,20.026705,23.585619
2486,24.861343,22.481623
2487,25.278507,22.318611
2488,23.813898,22.440586
2489,23.81198,22.233372
2490,24.58711,22.883669
2491,23.946476,22.22666
2492,22.156,22.676203
2493,26.326437,23.982864
2494,21.437595,23.01829
2495,23.590923,22.435219
2496,23.567568,23.91644
2497,21.042162,22.236979
2498,23.327103,21.842026
2499,28.948164,23.715809
2500,24.863588,22.634024
2501,19.036482,22.96359
2502,26.197569,24.156265
2503,21.71093,22.367289
2504,20.552027,23.87907
2505,22.40948,22.447414
2506,24.693493,22.582872
2507,22.84871,22.179379
2508,22.150654,22.640366
2509,23.397282,23.01962
2510,23.641022,22.576958
2511,26.342567,25.024767
2512,25.631586,23.284615
2513,23.503641,22.42011
2514,27.53948,24.463333
2515,26.85513,22.008343
2516,26.181309,22.186125
2517,26.196424,27.788445
2518,26.40239,23.000309
2519,24.166023,22.616282
2520,23.38102,22.505226
2521,29.282047,24.536629
2522,26.189783,24.133175
2523,24.262903,22.103874
2524,24.732357,22.874365
2525,27.946411,24.527088
2526,25.883247,22.334248
2527,22.715927,22.033087
2528,23.203346,23.727924
2529,24.571482,22.715223
2530,21.584936,25.997665
2531,24.138916,22.251831
2532,21.843966,23.495245
2533,24.90536,22.551435
2534,24.563221,22.252651
2535,24.846188,21.88466
2536,24.665552,28.180328
2537,23.24286,22.735342
2538,22.43144,22.49673
2539,26.501776,24.431885
2540,21.915676,22.728832
2541,23.306711,22.581268
2542,23.07955,23.709406
2543,22.700544,22.260773
2544,23.21892,23.128113
2545,27.873531,24.616758
2546,23.255543,23.47765
2547,22.974209,22.467693
2548,22.219769,24.769108
2549,25.394464,22.342203
2550,23.554968,23.063221
2551,25.087072,22.327974
2552,23.211773,22.831694
2553,18.405485,22.36835
2554,23.821655,22.529848
2555,27.499685,23.53926
2556,21.869911,22.069609
2557,21.72678,22.45517
2558,20.745913,22.391943
2559,20.446596,22.89818
2560,25.97505,24.655355
2561,23.119612,22.411726
2562,23.048092,22.997747
2563,26.95511,22.659729
2564,20.464495,22.458832
2565,19.575089,22.371056
2566,19.035004,22.481335
2567,19.214203,22.361244
2568,26.16663,22.914158
2569,24.54317,22.807629
2570,23.78016,27.406578
2571,24.377848,23.909676
2572,26.027443,22.296926
2573,26.371897,22.61442
2574,26.979048,23.452333
2575,26.145435,22.51973
2576,20.768322,22.253414
2577,21.056536,23.616951
2578,26.015202,22.409197
2579,25.974499,23.097158
2580,28.460651,23.667288
2581,22.779388,22.906162
2582,20.54864,23.563164
2583,21.23298,23.03928
2584,20.396437,22.904188
2585,21.24137,22.522928
2586,19.52114,22.886263
2587,27.338858,22.799074
2588,23.663416,22.535854
2589,24.602646,24.541733
2590,21.00706,22.45371
2591,22.316645,22.610321
2592,26.45199,24.640005
2593,25.316856,23.129654
2594,25.866226,25.18783
2595,24.602804,24.149513
2596,22.082293,22.971527
2597,26.628162,22.946388
2598,23.672483,22.87316
2599,27.934643,23.195871
2600,23.637054,23.842316
2601,24.659306,22.611168
2602,22.361439,23.036018
2603,22.248823,24.174614
2604,27.09802,24.274233
2605,22.857252,22.090757
2606,26.764313,24.08913
2607,22.186905,22.489025
2608,19.926188,22.897268
2609,24.028997,22.516731
2610,26.689688,23.118412
2611,24.55735,23.08718
2612,27.587887,23.352432
2613,24.39188,22.64241
2614,20.44122,22.367786
2615,17.440094,22.368334
2616,24.083351,22.97302
2617,25.934444,23.31463
2618,23.10435,24.068447
2619,26.387732,22.647787
2620,28.65464,23.924881
2621,24.544937,22.796654
2622,30.451498,23.352243
2623,23.321821,22.591015
2624,24.775595,22.319983
2625,24.95733,22.064268
2626,26.639482,23.125032
2627,20.46193,22.805569
2628,24.422472,24.136599
2629,24.056799,22.799482
2630,21.537973,25.194471
2631,24.59816,25.010387
2632,20.889286,22.207304
2633,22.757935,21.936865
2634,20.338512,22.91226
2635,22.100075,22.4757
2636,26.402958,23.24945
2637,26.797619,25.957579
2638,26.083572,23.298477
2639,22.56894,22.596222
2640,22.571594,23.568806
2641,24.599545,22.31636
2642,21.217653,22.60719
2643,21.63891,23.080696
2644,21.799232,22.207403
2645,19.679882,23.430096
2646,22.793373,21.813791
2647,22.023952,22.923052
2648,27.506817,24.192408
2649,20.29951,23.060852
2650,20.081789,23.21804
2651,22.371412,22.442682
2652,23.149483,23.616547
2653,20.695787,23.350077
2654,23.370068,23.114122
2655,21.959728,23.520031
2656,23.030186,22.643929
2657,27.207882,23.693373
2658,20.011158,22.754652
2659,20.658985,23.31205
2660,23.437426,22.953636
2661,21.158089,23.537106
2662,25.165356,21.930538
2663,27.59187,25.78156
2664,25.392908,21.93699
2665,19.713888,22.554983
2666,21.566004,22.799162
2667,22.530088,22.466425
2668,23.258121,22.398207
2669,23.895859,23.044632
2670,23.956673,22.131382
2671,22.979578,22.938492
2672,24.853302,22.31838
2673,21.542297,22.693962
2674,25.87966,23.291517
2675,19.529207,22.769358
2676,23.719872,22.343191
2677,24.061241,22.039175
2678,23.04778,22.316433
2679,19.907585,22.336987
2680,22.873774,22.50455
2681,22.363121,22.74047
2682,21.460518,22.472328
2683,25.566761,23.915636
2684,21.995008,22.806541
2685,20.035456,23.035702
2686,22.396019,22.358406
2687,21.97903,22.493126
2688,20.50465,22.11511
2689,28.424913,23.80035
2690,22.653526,22.543543
2691,18.028193,22.435862
2692,25.687212,24.761364
2693,20.79293,22.20752
2694,19.787258,22.88205
2695,23.601904,22.354166
2696,22.053968,22.480762
2697,20.434433,23.08377
2698,21.928919,21.988447
2699,22.47022,22.332186
2700,25.901407,26.08686
2701,24.579712,22.562729
2702,22.747416,22.32067
2703,26.097382,25.857754
2704,25.458755,22.55352
2705,23.756527,21.76871
2706,25.140377,27.476915
2707,25.467997,22.074276
2708,23.184746,22.684715
2709,22.851501,22.757608
2710,29.133419,24.538681
2711,23.821823,28.915344
2712,22.703741,23.589397
2713,23.297081,22.919895
2714,27.068472,24.909044
2715,24.13623,23.616909
2716,21.293037,22.384771
2717,21.281172,23.20295
2718,23.480225,22.514898
2719,22.598387,23.268232
2720,24.147484,23.048779
2721,23.037643,23.101694
2722,22.706686,30.537075
2723,22.173231,22.37488
2724,21.702806,22.059784
2725,25.32849,26.495426
2726,20.046432,23.49567
2727,21.715445,22.59963
2728,22.056534,22.48596
2729,21.45178,22.35553
2730,22.155338,22.656239
2731,26.9387,25.289251
2732,20.889572,22.334616
2733,21.380827,22.685545
2734,24.390612,22.997763
2735,22.259882,22.155636
2736,23.485643,23.212925
2737,22.316309,23.154781
2738,26.755903,23.834383
2739,21.149803,21.80573
2740,21.914606,22.841078
2741,19.424145,22.540106
2742,24.914059,25.28458
2743,22.202587,22.310053
2744,21.551956,23.33648
2745,24.720692,22.78068
2746,19.146423,22.206163
2747,18.522385,22.382925
2748,24.857365,22.168934
2749,23.091385,23.81096
2750,22.319946,22.934074
2751,23.022367,21.97639
2752,24.78625,21.944216
2753,25.134174,26.805546
2754,25.794418,23.112803
2755,25.48558,23.902992
2756,19.408552,22.20537
2757,23.147875,23.697506
2758,24.294907,22.576862
2759,26.726978,23.495821
2760,21.339293,23.035496
2761,19.74148,22.728458
2762,20.507502,23.055143
2763,19.667053,22.757666
2764,25.835033,22.69923
2765,22.521915,22.41043
2766,20.148718,22.12878
2767,20.561003,22.792042
2768,25.329678,25.127243
2769,24.044916,23.70614
2770,24.013296,22.624125
2771,23.756443,22.778069
2772,22.866804,22.0036
2773,27.10352,23.020542
2774,20.646841,22.729126
2775,26.314798,24.19798
2776,23.397776,23.278465
2777,20.641592,22.593546
2778,25.735106,25.368229
2779,21.12803,22.536608
2780,19.18611,23.07986
2781,22.470333,22.889177
2782,25.090673,25.122242
2783,23.755636,22.386534
2784,25.96942,23.759617
2785,21.619507,22.534449
2786,16.357183,22.208727
2787,22.558935,22.888033
2788,24.638292,23.135347
2789,22.091644,23.049152
2790,25.085556,22.697332
2791,28.074554,23.75672
2792,22.762386,23.0199
2793,29.78017,23.55044
2794,21.618402,22.719967
2795,23.90006,21.925327
2796,23.414143,22.453152
2797,25.175793,22.1074
2798,19.469667,22.765324
2799,22.645844,22.12878
2800,22.182644,22.121815
